drug.conc,E
0,0.9547
0.05,0.98
0.2236,0.8119
1,0.4756
4.472,0.2026
20,0.04957
0,1.069
0.05,0.9419
0.2236,0.818
1,0.4633
4.472,0.1891
20,0.04369
0,1.047
0.05,0.9369
0.2236,0.7753
1,0.4706
4.472,0.1865
20,0.05419
