drug.conc,E
0,0.928
0.05,0.9574
0.2236,0.8412
1,0.511
4.472,0.1773
20,0.05389
0,0.9008
0.05,0.9317
0.2236,0.7839
1,0.4962
4.472,0.1783
20,0.04457
0,0.9827
0.05,0.9166
0.2236,0.8341
1,0.4642
4.472,0.1747
20,0.04811
