"","lower","best","upper"
"C1",0.00999881895324348,0.0102687220647234,0.0106176469416937
"C2",0.101315026426607,0.104598880199897,0.109275157688323
"h1",1.05757801061967,1.08406669123625,1.11139455234537
"h2",1.04085044617681,1.07295876999642,1.10662230400724
"kappa",0.513389646251406,0.61830022288288,0.731500727331717
"E0",0.99011432753166,0.994777855450656,1.00054788319931
"E1",-0.000284358336777751,0.0031163703311817,0.00759095783795341
"E2",-0.000111301174330093,0.00635268558260704,0.0140970602231247
"E3",-0.034745190757332,-0.0273151598480695,-0.0166952529582485
